{"time":1547543150,"data":[{"name":"\u56de\u5230\u672a\u6765","img":"https:\/\/img3.doubanio.com\/view\/photo\/s_ratio_poster\/public\/p475872903.jpg","url":"https:\/\/movie.douban.com\/subject\/1300555\/"},{"name":"\u5927\u9ec4\u8702","img":"https:\/\/img1.doubanio.com\/view\/photo\/s_ratio_poster\/public\/p2541662397.jpg","url":"https:\/\/movie.douban.com\/subject\/26394152\/"},{"name":"\u9a6f\u9f99\u9ad8\u624b2","img":"https:\/\/img1.doubanio.com\/view\/photo\/s_ratio_poster\/public\/p2192713707.jpg","url":"https:\/\/movie.douban.com\/subject\/4824512\/"},{"name":"\u5343\u94a7\u4e00\u53d1","img":"https:\/\/img3.doubanio.com\/view\/photo\/s_ratio_poster\/public\/p2195672555.jpg","url":"https:\/\/movie.douban.com\/subject\/1300117\/"},{"name":"\u5341\u4e8c\u7334\u5b50","img":"https:\/\/img3.doubanio.com\/view\/photo\/s_ratio_poster\/public\/p627041570.jpg","url":"https:\/\/movie.douban.com\/subject\/1298744\/"},{"name":"X\u6218\u8b66","img":"https:\/\/img3.doubanio.com\/view\/photo\/s_ratio_poster\/public\/p2446530060.jpg","url":"https:\/\/movie.douban.com\/subject\/1295250\/"},{"name":"\u9ed1\u5ba2\u5e1d\u56fd2\uff1a\u91cd\u88c5\u4e0a\u9635","img":"https:\/\/img3.doubanio.com\/view\/photo\/s_ratio_poster\/public\/p459054512.jpg","url":"https:\/\/movie.douban.com\/subject\/1304141\/"},{"name":"\u5fc3\u7075\u4f20\u8f93\u8005","img":"https:\/\/img3.doubanio.com\/view\/photo\/s_ratio_poster\/public\/p955757600.jpg","url":"https:\/\/movie.douban.com\/subject\/1949328\/"},{"name":"\u9884\u89c1\u672a\u6765","img":"https:\/\/img3.doubanio.com\/view\/photo\/s_ratio_poster\/public\/p1100336420.jpg","url":"https:\/\/movie.douban.com\/subject\/1793909\/"},{"name":"\u9ed1\u5ba2\u5e1d\u56fd3\uff1a\u77e9\u9635\u9769\u547d","img":"https:\/\/img1.doubanio.com\/view\/photo\/s_ratio_poster\/public\/p443461818.jpg","url":"https:\/\/movie.douban.com\/subject\/1302467\/"},{"name":"\u540d\u4fa6\u63a2\u67ef\u5357\uff1a\u8d1d\u514b\u8857\u7684\u4ea1\u7075","img":"https:\/\/img1.doubanio.com\/view\/photo\/s_ratio_poster\/public\/p453731188.jpg","url":"https:\/\/movie.douban.com\/subject\/2286642\/"},{"name":"\u732b\u9f20\u6e38\u620f","img":"https:\/\/img3.doubanio.com\/view\/photo\/s_ratio_poster\/public\/p453924541.jpg","url":"https:\/\/movie.douban.com\/subject\/1305487\/"},{"name":"\u5927\u8bdd\u897f\u6e38\u4e4b\u6708\u5149\u5b9d\u76d2","img":"https:\/\/img3.doubanio.com\/view\/photo\/s_ratio_poster\/public\/p1280323646.jpg","url":"https:\/\/movie.douban.com\/subject\/1299398\/"},{"name":"\u6559\u7236","img":"https:\/\/img3.doubanio.com\/view\/photo\/s_ratio_poster\/public\/p2190556185.jpg","url":"https:\/\/movie.douban.com\/subject\/1291841\/"},{"name":"\u65e0\u95f4\u9053","img":"https:\/\/img3.doubanio.com\/view\/photo\/s_ratio_poster\/public\/p2233971046.jpg","url":"https:\/\/movie.douban.com\/subject\/1307914\/"},{"name":"\u5927\u8bdd\u897f\u6e38\u4e4b\u5927\u5723\u5a36\u4eb2","img":"https:\/\/img3.doubanio.com\/view\/photo\/s_ratio_poster\/public\/p2455050536.jpg","url":"https:\/\/movie.douban.com\/subject\/1292213\/"},{"name":"\u590d\u4ec7\u8005\u8054\u76df3\uff1a\u65e0\u9650\u6218\u4e89","img":"https:\/\/img3.doubanio.com\/view\/photo\/s_ratio_poster\/public\/p2517753454.jpg","url":"https:\/\/movie.douban.com\/subject\/24773958\/"},{"name":"\u8681\u4eba2\uff1a\u9ec4\u8702\u5973\u73b0\u8eab","img":"https:\/\/img1.doubanio.com\/view\/photo\/s_ratio_poster\/public\/p2529389608.jpg","url":"https:\/\/movie.douban.com\/subject\/26636712\/"},{"name":"\u90aa\u4e0d\u538b\u6b63","img":"https:\/\/img3.doubanio.com\/view\/photo\/s_ratio_poster\/public\/p2526297221.jpg","url":"https:\/\/movie.douban.com\/subject\/26366496\/"},{"name":"\u897f\u8679\u5e02\u9996\u5bcc","img":"https:\/\/img1.doubanio.com\/view\/photo\/s_ratio_poster\/public\/p2529206747.jpg","url":"https:\/\/movie.douban.com\/subject\/27605698\/"},{"name":"\u795e\u5947\u52a8\u7269\uff1a\u683c\u6797\u5fb7\u6c83\u4e4b\u7f6a","img":"https:\/\/img1.doubanio.com\/view\/photo\/s_ratio_poster\/public\/p2538826177.jpg","url":"https:\/\/movie.douban.com\/subject\/26147417\/"},{"name":"\u6211\u4e0d\u662f\u836f\u795e","img":"https:\/\/img3.doubanio.com\/view\/photo\/s_ratio_poster\/public\/p2519070834.jpg","url":"https:\/\/movie.douban.com\/subject\/26752088\/"},{"name":"\u5f71","img":"https:\/\/img3.doubanio.com\/view\/photo\/s_ratio_poster\/public\/p2530513100.jpg","url":"https:\/\/movie.douban.com\/subject\/4864908\/"},{"name":"\u6bd2\u6db2\uff1a\u81f4\u547d\u5b88\u62a4\u8005","img":"https:\/\/img3.doubanio.com\/view\/photo\/s_ratio_poster\/public\/p2537158013.jpg","url":"https:\/\/movie.douban.com\/subject\/3168101\/"},{"name":"\u674e\u8336\u7684\u59d1\u5988","img":"https:\/\/img3.doubanio.com\/view\/photo\/s_ratio_poster\/public\/p2533384240.jpg","url":"https:\/\/movie.douban.com\/subject\/27092785\/"},{"name":"\u540d\u4fa6\u63a2\u67ef\u5357\uff1a\u96f6\u7684\u6267\u884c\u4eba","img":"https:\/\/img1.doubanio.com\/view\/photo\/s_ratio_poster\/public\/p2537694239.jpg","url":"https:\/\/movie.douban.com\/subject\/27110363\/"},{"name":"\u65e0\u53cc","img":"https:\/\/img3.doubanio.com\/view\/photo\/s_ratio_poster\/public\/p2535096871.jpg","url":"https:\/\/movie.douban.com\/subject\/26425063\/"},{"name":"\u789f\u4e2d\u8c0d6\uff1a\u5168\u9762\u74e6\u89e3","img":"https:\/\/img3.doubanio.com\/view\/photo\/s_ratio_poster\/public\/p2529365085.jpg","url":"https:\/\/movie.douban.com\/subject\/26336252\/"},{"name":"\u795e\u5947\u52a8\u7269\u5728\u54ea\u91cc","img":"https:\/\/img3.doubanio.com\/view\/photo\/s_ratio_poster\/public\/p2392444121.jpg","url":"https:\/\/movie.douban.com\/subject\/25726614\/"},{"name":"\u751f\u5316\u5371\u673a5\uff1a\u60e9\u7f5a","img":"https:\/\/img1.doubanio.com\/view\/photo\/s_ratio_poster\/public\/p1624130437.jpg","url":"https:\/\/movie.douban.com\/subject\/6532822\/"},{"name":"\u65f6\u95f4\u89c4\u5212\u5c40","img":"https:\/\/img1.doubanio.com\/view\/photo\/s_ratio_poster\/public\/p1166966337.jpg","url":"https:\/\/movie.douban.com\/subject\/4924142\/"},{"name":"\u8d85\u7ea7\u6218\u8230","img":"https:\/\/img3.doubanio.com\/view\/photo\/s_ratio_poster\/public\/p1505422082.jpg","url":"https:\/\/movie.douban.com\/subject\/3742937\/"},{"name":"\u5206\u6b67\u8005\uff1a\u5f02\u7c7b\u89c9\u9192","img":"https:\/\/img1.doubanio.com\/view\/photo\/s_ratio_poster\/public\/p2196353608.jpg","url":"https:\/\/movie.douban.com\/subject\/6424814\/"},{"name":"\u751f\u5316\u5371\u673a3\uff1a\u706d\u7edd","img":"https:\/\/img3.doubanio.com\/view\/photo\/s_ratio_poster\/public\/p2165451110.jpg","url":"https:\/\/movie.douban.com\/subject\/1482911\/"},{"name":"\u751f\u5316\u5371\u673a4\uff1a\u6218\u795e\u518d\u751f","img":"https:\/\/img3.doubanio.com\/view\/photo\/s_ratio_poster\/public\/p564897015.jpg","url":"https:\/\/movie.douban.com\/subject\/3041294\/"},{"name":"\u751f\u5316\u5371\u673a2\uff1a\u542f\u793a\u5f55","img":"https:\/\/img1.doubanio.com\/view\/photo\/s_ratio_poster\/public\/p1212493067.jpg","url":"https:\/\/movie.douban.com\/subject\/1308752\/"},{"name":"\u8718\u86db\u4fa02","img":"https:\/\/img3.doubanio.com\/view\/photo\/s_ratio_poster\/public\/p1617867110.jpg","url":"https:\/\/movie.douban.com\/subject\/1308570\/"},{"name":"\u6d1b\u6749\u77f6\u4e4b\u6218","img":"https:\/\/img1.doubanio.com\/view\/photo\/s_ratio_poster\/public\/p2261837887.jpg","url":"https:\/\/movie.douban.com\/subject\/3041264\/"},{"name":"\u94c1\u7532\u94a2\u62f3","img":"https:\/\/img3.doubanio.com\/view\/photo\/s_ratio_poster\/public\/p1031075041.jpg","url":"https:\/\/movie.douban.com\/subject\/1972729\/"},{"name":"\u63a7\u65b9\u8bc1\u4eba","img":"https:\/\/img1.doubanio.com\/view\/photo\/s_ratio_poster\/public\/p1505392928.jpg","url":"https:\/\/movie.douban.com\/subject\/1296141\/"},{"name":"\u975e\u5e38\u5acc\u7591\u72af","img":"https:\/\/img3.doubanio.com\/view\/photo\/s_ratio_poster\/public\/p2537319495.jpg","url":"https:\/\/movie.douban.com\/subject\/1292214\/"},{"name":"\u8fd9\u4e2a\u6740\u624b\u4e0d\u592a\u51b7","img":"https:\/\/img3.doubanio.com\/view\/photo\/s_ratio_poster\/public\/p511118051.jpg","url":"https:\/\/movie.douban.com\/subject\/1295644\/"},{"name":"\u52a8\u7269\u4e16\u754c","img":"https:\/\/img1.doubanio.com\/view\/photo\/s_ratio_poster\/public\/p2525528688.jpg","url":"https:\/\/movie.douban.com\/subject\/26925317\/"},{"name":"\u7279\u79cd\u90e8\u961f\uff1a\u773c\u955c\u86c7\u7684\u5d1b\u8d77","img":"https:\/\/img3.doubanio.com\/view\/photo\/s_ratio_poster\/public\/p1137591422.jpg","url":"https:\/\/movie.douban.com\/subject\/2223596\/"},{"name":"\u672b\u65e5\u5d29\u584c","img":"https:\/\/img3.doubanio.com\/view\/photo\/s_ratio_poster\/public\/p2247341513.jpg","url":"https:\/\/movie.douban.com\/subject\/25786077\/"},{"name":"\u6728\u4e43\u4f0a","img":"https:\/\/img3.doubanio.com\/view\/photo\/s_ratio_poster\/public\/p1376881286.jpg","url":"https:\/\/movie.douban.com\/subject\/1295229\/"},{"name":"\u8c0d\u5f71\u91cd\u91cd5","img":"https:\/\/img3.doubanio.com\/view\/photo\/s_ratio_poster\/public\/p2379032162.jpg","url":"https:\/\/movie.douban.com\/subject\/26266072\/"},{"name":"\u8bf8\u795e\u4e4b\u6218","img":"https:\/\/img1.doubanio.com\/view\/photo\/s_ratio_poster\/public\/p443378368.jpg","url":"https:\/\/movie.douban.com\/subject\/2131654\/"},{"name":"2012","img":"https:\/\/img1.doubanio.com\/view\/photo\/s_ratio_poster\/public\/p505238859.jpg","url":"https:\/\/movie.douban.com\/subject\/3005875\/"},{"name":"007\uff1a\u5927\u6218\u7687\u5bb6\u8d4c\u573a","img":"https:\/\/img1.doubanio.com\/view\/photo\/s_ratio_poster\/public\/p790087797.jpg","url":"https:\/\/movie.douban.com\/subject\/1418190\/"},{"name":"007\uff1a\u5927\u7834\u91cf\u5b50\u5371\u673a","img":"https:\/\/img1.doubanio.com\/view\/photo\/s_ratio_poster\/public\/p976999859.jpg","url":"https:\/\/movie.douban.com\/subject\/1946882\/"},{"name":"\u7a7a\u519b\u4e00\u53f7","img":"https:\/\/img3.doubanio.com\/view\/photo\/s_ratio_poster\/public\/p2143835662.jpg","url":"https:\/\/movie.douban.com\/subject\/1293537\/"},{"name":"\u56fd\u5bb6\u5b9d\u85cf","img":"https:\/\/img3.doubanio.com\/view\/photo\/s_ratio_poster\/public\/p1741812282.jpg","url":"https:\/\/movie.douban.com\/subject\/1308848\/"},{"name":"\u9003\u51fa\u7edd\u547d\u9547","img":"https:\/\/img3.doubanio.com\/view\/photo\/s_ratio_poster\/public\/p2508604641.jpg","url":"https:\/\/movie.douban.com\/subject\/26688480\/"},{"name":"\u91d1\u521a\u72fc","img":"https:\/\/img1.doubanio.com\/view\/photo\/s_ratio_poster\/public\/p2063167557.jpg","url":"https:\/\/movie.douban.com\/subject\/1792928\/"},{"name":"\u51b3\u6218\u7329\u7403","img":"https:\/\/img3.doubanio.com\/view\/photo\/s_ratio_poster\/public\/p1593992535.jpg","url":"https:\/\/movie.douban.com\/subject\/1304338\/"},{"name":"\u4f8f\u7f57\u7eaa\u516c\u56ed3","img":"https:\/\/img1.doubanio.com\/view\/photo\/s_ratio_poster\/public\/p2249341027.jpg","url":"https:\/\/movie.douban.com\/subject\/1304643\/"},{"name":"\u789f\u4e2d\u8c0d","img":"https:\/\/img3.doubanio.com\/view\/photo\/s_ratio_poster\/public\/p1660124103.jpg","url":"https:\/\/movie.douban.com\/subject\/1292484\/"},{"name":"\u8681\u4eba","img":"https:\/\/img3.doubanio.com\/view\/photo\/s_ratio_poster\/public\/p2266823371.jpg","url":"https:\/\/movie.douban.com\/subject\/1866473\/"},{"name":"\u5341\u4e00\u7f57\u6c49","img":"https:\/\/img3.doubanio.com\/view\/photo\/s_ratio_poster\/public\/p1973370351.jpg","url":"https:\/\/movie.douban.com\/subject\/1301578\/"},{"name":"\u4ea1\u547d\u5929\u6daf","img":"https:\/\/img3.doubanio.com\/view\/photo\/s_ratio_poster\/public\/p805294540.jpg","url":"https:\/\/movie.douban.com\/subject\/1297229\/"},{"name":"\u53f2\u5bc6\u65af\u592b\u5987","img":"https:\/\/img3.doubanio.com\/view\/photo\/s_ratio_poster\/public\/p1677402144.jpg","url":"https:\/\/movie.douban.com\/subject\/1309199\/"},{"name":"\u5fcd\u8005\u795e\u9f9f\uff1a\u53d8\u79cd\u65f6\u4ee3","img":"https:\/\/img3.doubanio.com\/view\/photo\/s_ratio_poster\/public\/p2204991581.jpg","url":"https:\/\/movie.douban.com\/subject\/3217149\/"},{"name":"007\uff1a\u5e7d\u7075\u515a","img":"https:\/\/img3.doubanio.com\/view\/photo\/s_ratio_poster\/public\/p2276234635.jpg","url":"https:\/\/movie.douban.com\/subject\/11620560\/"},{"name":"\u8d85\u4eba\u5f52\u6765","img":"https:\/\/img3.doubanio.com\/view\/photo\/s_ratio_poster\/public\/p457079860.jpg","url":"https:\/\/movie.douban.com\/subject\/1418191\/"},{"name":"\u54e5\u65af\u62c9","img":"https:\/\/img3.doubanio.com\/view\/photo\/s_ratio_poster\/public\/p2185227574.jpg","url":"https:\/\/movie.douban.com\/subject\/2063914\/"},{"name":"\u4e16\u754c\u672b\u65e5","img":"https:\/\/img3.doubanio.com\/view\/photo\/s_ratio_poster\/public\/p686635022.jpg","url":"https:\/\/movie.douban.com\/subject\/1292769\/"},{"name":"\u50f5\u5c38\u4e16\u754c\u5927\u6218","img":"https:\/\/img3.doubanio.com\/view\/photo\/s_ratio_poster\/public\/p1915547683.jpg","url":"https:\/\/movie.douban.com\/subject\/2132473\/"},{"name":"\u67e5\u7406\u548c\u5de7\u514b\u529b\u5de5\u5382","img":"https:\/\/img1.doubanio.com\/view\/photo\/s_ratio_poster\/public\/p453925617.jpg","url":"https:\/\/movie.douban.com\/subject\/1309101\/"},{"name":"\u7329\u7403\u5d1b\u8d772\uff1a\u9ece\u660e\u4e4b\u6218","img":"https:\/\/img3.doubanio.com\/view\/photo\/s_ratio_poster\/public\/p2196211285.jpg","url":"https:\/\/movie.douban.com\/subject\/7046723\/"},{"name":"\u5927\u4fa6\u63a2\u798f\u5c14\u6469\u65af","img":"https:\/\/img3.doubanio.com\/view\/photo\/s_ratio_poster\/public\/p1078047854.jpg","url":"https:\/\/movie.douban.com\/subject\/2998270\/"},{"name":"\u789f\u4e2d\u8c0d2","img":"https:\/\/img1.doubanio.com\/view\/photo\/s_ratio_poster\/public\/p1355956258.jpg","url":"https:\/\/movie.douban.com\/subject\/1298525\/"},{"name":"\u529f\u592b\u718a\u732b","img":"https:\/\/img1.doubanio.com\/view\/photo\/s_ratio_poster\/public\/p1597238857.jpg","url":"https:\/\/movie.douban.com\/subject\/1783457\/"},{"name":"\u8fbe\u00b7\u82ac\u5947\u5bc6\u7801","img":"https:\/\/img3.doubanio.com\/view\/photo\/s_ratio_poster\/public\/p453938764.jpg","url":"https:\/\/movie.douban.com\/subject\/1329950\/"},{"name":"\u91d1\u521a","img":"https:\/\/img1.doubanio.com\/view\/photo\/s_ratio_poster\/public\/p858079649.jpg","url":"https:\/\/movie.douban.com\/subject\/1309043\/"},{"name":"\u56fd\u5bb6\u5b9d\u85cf\uff1a\u593a\u5b9d\u79d8\u7b08","img":"https:\/\/img3.doubanio.com\/view\/photo\/s_ratio_poster\/public\/p1102384696.jpg","url":"https:\/\/movie.douban.com\/subject\/1607471\/"},{"name":"\u5c16\u5cf0\u65f6\u523b2","img":"https:\/\/img3.doubanio.com\/view\/photo\/s_ratio_poster\/public\/p1513464612.jpg","url":"https:\/\/movie.douban.com\/subject\/1304642\/"},{"name":"\u4e16\u754c\u4e4b\u6218","img":"https:\/\/img3.doubanio.com\/view\/photo\/s_ratio_poster\/public\/p2243507786.jpg","url":"https:\/\/movie.douban.com\/subject\/1309044\/"},{"name":"\u5192\u724c\u5929\u795e","img":"https:\/\/img3.doubanio.com\/view\/photo\/s_ratio_poster\/public\/p2165714151.jpg","url":"https:\/\/movie.douban.com\/subject\/1297018\/"},{"name":"\u8d85\u4eba\u603b\u52a8\u5458","img":"https:\/\/img1.doubanio.com\/view\/photo\/s_ratio_poster\/public\/p2167017148.jpg","url":"https:\/\/movie.douban.com\/subject\/1291577\/"},{"name":"007\uff1a\u5927\u7834\u5929\u5e55\u6740\u673a","img":"https:\/\/img3.doubanio.com\/view\/photo\/s_ratio_poster\/public\/p1706050033.jpg","url":"https:\/\/movie.douban.com\/subject\/2363876\/"},{"name":"\u8759\u8760\u4fa0\u5927\u6218\u8d85\u4eba\uff1a\u6b63\u4e49\u9ece\u660e","img":"https:\/\/img3.doubanio.com\/view\/photo\/s_ratio_poster\/public\/p2316834186.jpg","url":"https:\/\/movie.douban.com\/subject\/24750534\/"},{"name":"\u7231\u4e3d\u4e1d\u68a6\u6e38\u4ed9\u5883","img":"https:\/\/img1.doubanio.com\/view\/photo\/s_ratio_poster\/public\/p481556187.jpg","url":"https:\/\/movie.douban.com\/subject\/2336785\/"},{"name":"\u8718\u86db\u4fa03","img":"https:\/\/img1.doubanio.com\/view\/photo\/s_ratio_poster\/public\/p1344981868.jpg","url":"https:\/\/movie.douban.com\/subject\/1418189\/"},{"name":"\u6b7b\u4f8d","img":"https:\/\/img3.doubanio.com\/view\/photo\/s_ratio_poster\/public\/p2309264172.jpg","url":"https:\/\/movie.douban.com\/subject\/3718279\/"},{"name":"\u590d\u4ec7\u8005\u8054\u76df2\uff1a\u5965\u521b\u7eaa\u5143","img":"https:\/\/img3.doubanio.com\/view\/photo\/s_ratio_poster\/public\/p2237747953.jpg","url":"https:\/\/movie.douban.com\/subject\/10741834\/"},{"name":"\u661f\u7403\u5927\u6218\u5916\u4f20\uff1a\u4fa0\u76d7\u4e00\u53f7","img":"https:\/\/img3.doubanio.com\/view\/photo\/s_ratio_poster\/public\/p2403049086.jpg","url":"https:\/\/movie.douban.com\/subject\/25894431\/"},{"name":"\u4f8f\u7f57\u7eaa\u4e16\u754c","img":"https:\/\/img3.doubanio.com\/view\/photo\/s_ratio_poster\/public\/p2246217861.jpg","url":"https:\/\/movie.douban.com\/subject\/10440138\/"},{"name":"\u9ed1\u8c79","img":"https:\/\/img3.doubanio.com\/view\/photo\/s_ratio_poster\/public\/p2512123434.jpg","url":"https:\/\/movie.douban.com\/subject\/6390825\/"},{"name":"\u661f\u7403\u5927\u62187\uff1a\u539f\u529b\u89c9\u9192","img":"https:\/\/img1.doubanio.com\/view\/photo\/s_ratio_poster\/public\/p2293954118.jpg","url":"https:\/\/movie.douban.com\/subject\/20326665\/"},{"name":"\u6211\u662f\u4f20\u5947","img":"https:\/\/img3.doubanio.com\/view\/photo\/s_ratio_poster\/public\/p574158935.jpg","url":"https:\/\/movie.douban.com\/subject\/1820156\/"},{"name":"\u8718\u86db\u4fa0","img":"https:\/\/img3.doubanio.com\/view\/photo\/s_ratio_poster\/public\/p457050361.jpg","url":"https:\/\/movie.douban.com\/subject\/1306612\/"},{"name":"X\u6218\u8b663\uff1a\u80cc\u6c34\u4e00\u6218","img":"https:\/\/img3.doubanio.com\/view\/photo\/s_ratio_poster\/public\/p2230029851.jpg","url":"https:\/\/movie.douban.com\/subject\/1401524\/"},{"name":"\u94a2\u94c1\u4fa02","img":"https:\/\/img3.doubanio.com\/view\/photo\/s_ratio_poster\/public\/p452861346.jpg","url":"https:\/\/movie.douban.com\/subject\/3066739\/"},{"name":"\u94a2\u94c1\u4fa0","img":"https:\/\/img3.doubanio.com\/view\/photo\/s_ratio_poster\/public\/p725871004.jpg","url":"https:\/\/movie.douban.com\/subject\/1432146\/"},{"name":"\u9ed1\u8863\u4eba2","img":"https:\/\/img3.doubanio.com\/view\/photo\/s_ratio_poster\/public\/p453515660.jpg","url":"https:\/\/movie.douban.com\/subject\/1295280\/"},{"name":"\u9ed1\u8863\u4eba","img":"https:\/\/img3.doubanio.com\/view\/photo\/s_ratio_poster\/public\/p453512941.jpg","url":"https:\/\/movie.douban.com\/subject\/1301445\/"},{"name":"\u72ec\u7acb\u65e5","img":"https:\/\/img3.doubanio.com\/view\/photo\/s_ratio_poster\/public\/p453518655.jpg","url":"https:\/\/movie.douban.com\/subject\/1293013\/"},{"name":"\u7b2c\u4e94\u5143\u7d20","img":"https:\/\/img3.doubanio.com\/view\/photo\/s_ratio_poster\/public\/p2217639745.jpg","url":"https:\/\/movie.douban.com\/subject\/1293531\/"},{"name":"\u6211\uff0c\u673a\u5668\u4eba","img":"https:\/\/img3.doubanio.com\/view\/photo\/s_ratio_poster\/public\/p691069814.jpg","url":"https:\/\/movie.douban.com\/subject\/1308843\/"},{"name":"\u81f4\u547d\u9b54\u672f","img":"https:\/\/img3.doubanio.com\/view\/photo\/s_ratio_poster\/public\/p480383375.jpg","url":"https:\/\/movie.douban.com\/subject\/1780330\/"},{"name":"\u5c11\u5e74\u6d3e\u7684\u5947\u5e7b\u6f02\u6d41","img":"https:\/\/img3.doubanio.com\/view\/photo\/s_ratio_poster\/public\/p1784592701.jpg","url":"https:\/\/movie.douban.com\/subject\/1929463\/"},{"name":"\u963f\u7518\u6b63\u4f20","img":"https:\/\/img1.doubanio.com\/view\/photo\/s_ratio_poster\/public\/p510876377.jpg","url":"https:\/\/movie.douban.com\/subject\/1292720\/"},{"name":"\u67aa\u706b","img":"https:\/\/img3.doubanio.com\/view\/photo\/s_ratio_poster\/public\/p1538646661.jpg","url":"https:\/\/movie.douban.com\/subject\/1300741\/"},{"name":"\u52c7\u95ef\u593a\u547d\u5c9b","img":"https:\/\/img3.doubanio.com\/view\/photo\/s_ratio_poster\/public\/p636048104.jpg","url":"https:\/\/movie.douban.com\/subject\/1292728\/"},{"name":"\u73a9\u5177\u603b\u52a8\u5458","img":"https:\/\/img3.doubanio.com\/view\/photo\/s_ratio_poster\/public\/p1158743783.jpg","url":"https:\/\/movie.douban.com\/subject\/1291575\/"},{"name":"\u7ec8\u7ed3\u80052\uff1a\u5ba1\u5224\u65e5","img":"https:\/\/img3.doubanio.com\/view\/photo\/s_ratio_poster\/public\/p1910909085.jpg","url":"https:\/\/movie.douban.com\/subject\/1291844\/"},{"name":"\u4f8f\u7f57\u7eaa\u516c\u56ed","img":"https:\/\/img3.doubanio.com\/view\/photo\/s_ratio_poster\/public\/p2076443176.jpg","url":"https:\/\/movie.douban.com\/subject\/1292523\/"},{"name":"\u602a\u517d\u5927\u5b66","img":"https:\/\/img3.doubanio.com\/view\/photo\/s_ratio_poster\/public\/p2033476722.jpg","url":"https:\/\/movie.douban.com\/subject\/3789848\/"},{"name":"\u9ed1\u9e70\u5760\u843d","img":"https:\/\/img3.doubanio.com\/view\/photo\/s_ratio_poster\/public\/p1910900710.jpg","url":"https:\/\/movie.douban.com\/subject\/1291824\/"},{"name":"\u6d77\u5e95\u603b\u52a8\u5458","img":"https:\/\/img3.doubanio.com\/view\/photo\/s_ratio_poster\/public\/p1755893801.jpg","url":"https:\/\/movie.douban.com\/subject\/1291586\/"},{"name":"\u970d\u6bd4\u7279\u4eba2\uff1a\u53f2\u77db\u9769\u4e4b\u6218","img":"https:\/\/img3.doubanio.com\/view\/photo\/s_ratio_poster\/public\/p2166784595.jpg","url":"https:\/\/movie.douban.com\/subject\/11606328\/"},{"name":"\u901f\u5ea6\u4e0e\u6fc0\u60c55","img":"https:\/\/img3.doubanio.com\/view\/photo\/s_ratio_poster\/public\/p898634801.jpg","url":"https:\/\/movie.douban.com\/subject\/4286017\/"},{"name":"\u970d\u6bd4\u7279\u4eba1\uff1a\u610f\u5916\u4e4b\u65c5","img":"https:\/\/img3.doubanio.com\/view\/photo\/s_ratio_poster\/public\/p1716297390.jpg","url":"https:\/\/movie.douban.com\/subject\/1966182\/"},{"name":"\u789f\u4e2d\u8c0d4","img":"https:\/\/img1.doubanio.com\/view\/photo\/s_ratio_poster\/public\/p1382432968.jpg","url":"https:\/\/movie.douban.com\/subject\/3068206\/"},{"name":"\u7b2c\u4e5d\u533a","img":"https:\/\/img1.doubanio.com\/view\/photo\/s_ratio_poster\/public\/p1086352249.jpg","url":"https:\/\/movie.douban.com\/subject\/3006772\/"},{"name":"\u6218\u4e89\u4e4b\u738b","img":"https:\/\/img3.doubanio.com\/view\/photo\/s_ratio_poster\/public\/p453719066.jpg","url":"https:\/\/movie.douban.com\/subject\/1419936\/"},{"name":"X\u6218\u8b66\uff1a\u7b2c\u4e00\u6218","img":"https:\/\/img1.doubanio.com\/view\/photo\/s_ratio_poster\/public\/p956878707.jpg","url":"https:\/\/movie.douban.com\/subject\/3168089\/"},{"name":"\u970d\u6bd4\u7279\u4eba3\uff1a\u4e94\u519b\u4e4b\u6218","img":"https:\/\/img3.doubanio.com\/view\/photo\/s_ratio_poster\/public\/p2219406504.jpg","url":"https:\/\/movie.douban.com\/subject\/2973079\/"},{"name":"\u8c0d\u5f71\u91cd\u91cd2","img":"https:\/\/img3.doubanio.com\/view\/photo\/s_ratio_poster\/public\/p667644866.jpg","url":"https:\/\/movie.douban.com\/subject\/1308767\/"},{"name":"\u52a0\u52d2\u6bd4\u6d77\u76d72\uff1a\u805a\u9b42\u68fa","img":"https:\/\/img3.doubanio.com\/view\/photo\/s_ratio_poster\/public\/p1076822803.jpg","url":"https:\/\/movie.douban.com\/subject\/1315574\/"},{"name":"\u65e0\u95f4\u90532","img":"https:\/\/img3.doubanio.com\/view\/photo\/s_ratio_poster\/public\/p958008320.jpg","url":"https:\/\/movie.douban.com\/subject\/1307106\/"},{"name":"\u5927\u95f9\u5929\u5bab","img":"https:\/\/img3.doubanio.com\/view\/photo\/s_ratio_poster\/public\/p2266298961.jpg","url":"https:\/\/movie.douban.com\/subject\/1418019\/"},{"name":"\u540e\u5929","img":"https:\/\/img1.doubanio.com\/view\/photo\/s_ratio_poster\/public\/p2209602029.jpg","url":"https:\/\/movie.douban.com\/subject\/1308779\/"},{"name":"\u7329\u7403\u5d1b\u8d77","img":"https:\/\/img1.doubanio.com\/view\/photo\/s_ratio_poster\/public\/p1281402537.jpg","url":"https:\/\/movie.douban.com\/subject\/3274505\/"},{"name":"\u8c0d\u5f71\u91cd\u91cd3","img":"https:\/\/img1.doubanio.com\/view\/photo\/s_ratio_poster\/public\/p792223507.jpg","url":"https:\/\/movie.douban.com\/subject\/1578507\/"},{"name":"\u8c0d\u5f71\u91cd\u91cd","img":"https:\/\/img3.doubanio.com\/view\/photo\/s_ratio_poster\/public\/p1597183981.jpg","url":"https:\/\/movie.douban.com\/subject\/1304102\/"},{"name":"\u4e5d\u54c1\u829d\u9ebb\u5b98","img":"https:\/\/img3.doubanio.com\/view\/photo\/s_ratio_poster\/public\/p648370300.jpg","url":"https:\/\/movie.douban.com\/subject\/1297518\/"},{"name":"\u65b0\u9f99\u95e8\u5ba2\u6808","img":"https:\/\/img1.doubanio.com\/view\/photo\/s_ratio_poster\/public\/p1421018669.jpg","url":"https:\/\/movie.douban.com\/subject\/1292287\/"},{"name":"\u53d8\u5f62\u91d1\u521a","img":"https:\/\/img3.doubanio.com\/view\/photo\/s_ratio_poster\/public\/p1188042816.jpg","url":"https:\/\/movie.douban.com\/subject\/1794171\/"},{"name":"\u660e\u65e5\u8fb9\u7f18","img":"https:\/\/img1.doubanio.com\/view\/photo\/s_ratio_poster\/public\/p2185073849.jpg","url":"https:\/\/movie.douban.com\/subject\/4746257\/"},{"name":"\u98ce\u58f0","img":"https:\/\/img1.doubanio.com\/view\/photo\/s_ratio_poster\/public\/p1599059779.jpg","url":"https:\/\/movie.douban.com\/subject\/3734112\/"},{"name":"X\u6218\u8b66\uff1a\u9006\u8f6c\u672a\u6765","img":"https:\/\/img1.doubanio.com\/view\/photo\/s_ratio_poster\/public\/p2181156848.jpg","url":"https:\/\/movie.douban.com\/subject\/10485647\/"},{"name":"\u901f\u5ea6\u4e0e\u6fc0\u60c57","img":"https:\/\/img1.doubanio.com\/view\/photo\/s_ratio_poster\/public\/p2233706697.jpg","url":"https:\/\/movie.douban.com\/subject\/23761370\/"},{"name":"\u8bb0\u5fc6\u788e\u7247","img":"https:\/\/img3.doubanio.com\/view\/photo\/s_ratio_poster\/public\/p641688453.jpg","url":"https:\/\/movie.douban.com\/subject\/1304447\/"},{"name":"\u8759\u8760\u4fa0\uff1a\u9ed1\u6697\u9a91\u58eb\u5d1b\u8d77","img":"https:\/\/img3.doubanio.com\/view\/photo\/s_ratio_poster\/public\/p1706428744.jpg","url":"https:\/\/movie.douban.com\/subject\/3395373\/"},{"name":"\u602a\u517d\u7535\u529b\u516c\u53f8","img":"https:\/\/img1.doubanio.com\/view\/photo\/s_ratio_poster\/public\/p2513247938.jpg","url":"https:\/\/movie.douban.com\/subject\/1291579\/"},{"name":"\u6307\u73af\u738b2\uff1a\u53cc\u5854\u5947\u5175","img":"https:\/\/img3.doubanio.com\/view\/photo\/s_ratio_poster\/public\/p909265336.jpg","url":"https:\/\/movie.douban.com\/subject\/1291572\/"},{"name":"\u56fd\u738b\u7684\u6f14\u8bb2","img":"https:\/\/img1.doubanio.com\/view\/photo\/s_ratio_poster\/public\/p768879237.jpg","url":"https:\/\/movie.douban.com\/subject\/4023638\/"},{"name":"\u5c04\u96d5\u82f1\u96c4\u4f20\u4e4b\u4e1c\u6210\u897f\u5c31","img":"https:\/\/img3.doubanio.com\/view\/photo\/s_ratio_poster\/public\/p1993903133.jpg","url":"https:\/\/movie.douban.com\/subject\/1316510\/"},{"name":"\u9a6f\u9f99\u9ad8\u624b","img":"https:\/\/img3.doubanio.com\/view\/photo\/s_ratio_poster\/public\/p490385643.jpg","url":"https:\/\/movie.douban.com\/subject\/2353023\/"},{"name":"\u6307\u73af\u738b3\uff1a\u738b\u8005\u65e0\u654c","img":"https:\/\/img3.doubanio.com\/view\/photo\/s_ratio_poster\/public\/p1910825503.jpg","url":"https:\/\/movie.douban.com\/subject\/1291552\/"},{"name":"\u65e0\u4eba\u533a","img":"https:\/\/img3.doubanio.com\/view\/photo\/s_ratio_poster\/public\/p2159072475.jpg","url":"https:\/\/movie.douban.com\/subject\/3804891\/"},{"name":"\u6307\u73af\u738b1\uff1a\u9b54\u6212\u518d\u73b0","img":"https:\/\/img3.doubanio.com\/view\/photo\/s_ratio_poster\/public\/p1354436051.jpg","url":"https:\/\/movie.douban.com\/subject\/1291571\/"},{"name":"\u5934\u8111\u7279\u5de5\u961f","img":"https:\/\/img3.doubanio.com\/view\/photo\/s_ratio_poster\/public\/p2266293606.jpg","url":"https:\/\/movie.douban.com\/subject\/10533913\/"},{"name":"\u590d\u4ec7\u8005\u8054\u76df","img":"https:\/\/img3.doubanio.com\/view\/photo\/s_ratio_poster\/public\/p1524904031.jpg","url":"https:\/\/movie.douban.com\/subject\/1866479\/"},{"name":"\u5029\u5973\u5e7d\u9b42","img":"https:\/\/img3.doubanio.com\/view\/photo\/s_ratio_poster\/public\/p2414157745.jpg","url":"https:\/\/movie.douban.com\/subject\/1297447\/"},{"name":"\u529f\u592b","img":"https:\/\/img1.doubanio.com\/view\/photo\/s_ratio_poster\/public\/p2219011938.jpg","url":"https:\/\/movie.douban.com\/subject\/1291543\/"},{"name":"\u706b\u661f\u6551\u63f4","img":"https:\/\/img3.doubanio.com\/view\/photo\/s_ratio_poster\/public\/p2280097442.jpg","url":"https:\/\/movie.douban.com\/subject\/25864085\/"},{"name":"\u897f\u6e38\u8bb0\u4e4b\u5927\u5723\u5f52\u6765","img":"https:\/\/img3.doubanio.com\/view\/photo\/s_ratio_poster\/public\/p2255028780.jpg","url":"https:\/\/movie.douban.com\/subject\/26277313\/"},{"name":"\u75af\u72c2\u539f\u59cb\u4eba","img":"https:\/\/img1.doubanio.com\/view\/photo\/s_ratio_poster\/public\/p1867084027.jpg","url":"https:\/\/movie.douban.com\/subject\/1907966\/"},{"name":"\u738b\u724c\u7279\u5de5\uff1a\u7279\u5de5\u5b66\u9662","img":"https:\/\/img3.doubanio.com\/view\/photo\/s_ratio_poster\/public\/p2231932406.jpg","url":"https:\/\/movie.douban.com\/subject\/24405378\/"},{"name":"\u6e90\u4ee3\u7801","img":"https:\/\/img3.doubanio.com\/view\/photo\/s_ratio_poster\/public\/p988260245.jpg","url":"https:\/\/movie.douban.com\/subject\/3075287\/"},{"name":"\u91d1\u521a\u72fc3\uff1a\u6b8a\u6b7b\u4e00\u6218","img":"https:\/\/img3.doubanio.com\/view\/photo\/s_ratio_poster\/public\/p2431980130.jpg","url":"https:\/\/movie.douban.com\/subject\/25765735\/"},{"name":"\u8774\u8776\u6548\u5e94","img":"https:\/\/img1.doubanio.com\/view\/photo\/s_ratio_poster\/public\/p2209066019.jpg","url":"https:\/\/movie.douban.com\/subject\/1292343\/"},{"name":"\u52a0\u52d2\u6bd4\u6d77\u76d7","img":"https:\/\/img3.doubanio.com\/view\/photo\/s_ratio_poster\/public\/p1596085504.jpg","url":"https:\/\/movie.douban.com\/subject\/1298070\/"},{"name":"\u4e03\u5b97\u7f6a","img":"https:\/\/img3.doubanio.com\/view\/photo\/s_ratio_poster\/public\/p457631605.jpg","url":"https:\/\/movie.douban.com\/subject\/1292223\/"},{"name":"\u90a3\u4e9b\u5e74\uff0c\u6211\u4eec\u4e00\u8d77\u8ffd\u7684\u5973\u5b69","img":"https:\/\/img3.doubanio.com\/view\/photo\/s_ratio_poster\/public\/p1062824805.jpg","url":"https:\/\/movie.douban.com\/subject\/4920528\/"},{"name":"\u75af\u72c2\u7684\u77f3\u5934","img":"https:\/\/img3.doubanio.com\/view\/photo\/s_ratio_poster\/public\/p712241453.jpg","url":"https:\/\/movie.douban.com\/subject\/1862151\/"},{"name":"\u7981\u95ed\u5c9b","img":"https:\/\/img1.doubanio.com\/view\/photo\/s_ratio_poster\/public\/p1832875827.jpg","url":"https:\/\/movie.douban.com\/subject\/2334904\/"},{"name":"\u5510\u4f2f\u864e\u70b9\u79cb\u9999","img":"https:\/\/img3.doubanio.com\/view\/photo\/s_ratio_poster\/public\/p1946455272.jpg","url":"https:\/\/movie.douban.com\/subject\/1306249\/"},{"name":"\u8d85\u80fd\u9646\u6218\u961f","img":"https:\/\/img1.doubanio.com\/view\/photo\/s_ratio_poster\/public\/p2224568669.jpg","url":"https:\/\/movie.douban.com\/subject\/11026735\/"},{"name":"\u8759\u8760\u4fa0\uff1a\u9ed1\u6697\u9a91\u58eb","img":"https:\/\/img3.doubanio.com\/view\/photo\/s_ratio_poster\/public\/p462657443.jpg","url":"https:\/\/movie.douban.com\/subject\/1851857\/"},{"name":"\u91dc\u5c71\u884c","img":"https:\/\/img1.doubanio.com\/view\/photo\/s_ratio_poster\/public\/p2360940399.jpg","url":"https:\/\/movie.douban.com\/subject\/25986180\/"},{"name":"\u673a\u5668\u4eba\u603b\u52a8\u5458","img":"https:\/\/img3.doubanio.com\/view\/photo\/s_ratio_poster\/public\/p1461851991.jpg","url":"https:\/\/movie.douban.com\/subject\/2131459\/"},{"name":"\u9a74\u5f97\u6c34","img":"https:\/\/img3.doubanio.com\/view\/photo\/s_ratio_poster\/public\/p2393044761.jpg","url":"https:\/\/movie.douban.com\/subject\/25921812\/"},{"name":"\u8ba9\u5b50\u5f39\u98de","img":"https:\/\/img1.doubanio.com\/view\/photo\/s_ratio_poster\/public\/p1512562287.jpg","url":"https:\/\/movie.douban.com\/subject\/3742360\/"},{"name":"\u76d7\u68a6\u7a7a\u95f4","img":"https:\/\/img3.doubanio.com\/view\/photo\/s_ratio_poster\/public\/p513344864.jpg","url":"https:\/\/movie.douban.com\/subject\/3541415\/"},{"name":"\u75af\u72c2\u52a8\u7269\u57ce","img":"https:\/\/img1.doubanio.com\/view\/photo\/s_ratio_poster\/public\/p2315672647.jpg","url":"https:\/\/movie.douban.com\/subject\/25662329\/"},{"name":"\u6454\u8de4\u5427\uff01\u7238\u7238","img":"https:\/\/img3.doubanio.com\/view\/photo\/s_ratio_poster\/public\/p2457983084.jpg","url":"https:\/\/movie.douban.com\/subject\/26387939\/"},{"name":"\u7ea2\u6d77\u884c\u52a8","img":"https:\/\/img3.doubanio.com\/view\/photo\/s_ratio_poster\/public\/p2514119443.jpg","url":"https:\/\/movie.douban.com\/subject\/26861685\/"},{"name":"\u8096\u7533\u514b\u7684\u6551\u8d4e","img":"https:\/\/img3.doubanio.com\/view\/photo\/s_ratio_poster\/public\/p480747492.jpg","url":"https:\/\/movie.douban.com\/subject\/1292052\/"}]}