{"14":"https:\/\/ws3.sinaimg.cn\/large\/0072Vf1pgy1foxkfughl3j31hc0u0to8.jpg","13":"https:\/\/ws3.sinaimg.cn\/large\/0072Vf1pgy1foxkg6fz2pj31hc0u0auw.jpg","18":"https:\/\/ws1.sinaimg.cn\/large\/0072Vf1pgy1foxli1p0fxj31hc0u0nmj.jpg","24":"https:\/\/ws3.sinaimg.cn\/large\/0072Vf1pgy1foxkfkejbbj31hc0u0k7e.jpg","25":"https:\/\/ws4.sinaimg.cn\/large\/87c01ec7gy1frkjjy9wklj21hc0u0qv6.jpg","26":"https:\/\/ws2.sinaimg.cn\/large\/0072Vf1pgy1foxlnbw4y0j31kw0w0e75.jpg","27":"https:\/\/ws1.sinaimg.cn\/large\/0072Vf1pgy1foxkbze3llj31hc0u01cc.jpg","28":"https:\/\/ws4.sinaimg.cn\/large\/0072Vf1pgy1foxlhxz1asj31kw0w0e0n.jpg","29":"https:\/\/ws4.sinaimg.cn\/large\/0072Vf1pgy1fodqogw5wxj31gi0u7b29.jpg","32":"https:\/\/ws1.sinaimg.cn\/large\/0072Vf1pgy1foxkj5gmcmj31hc0u0wvj.jpg","33":"https:\/\/ws4.sinaimg.cn\/large\/0072Vf1pgy1foxkga5nmaj31kw0w0nmj.jpg","34":"https:\/\/ws3.sinaimg.cn\/large\/0072Vf1pgy1foxkf8h7q7j31hc0u0k55.jpg","35":"https:\/\/ws2.sinaimg.cn\/large\/0072Vf1pgy1foxkcymwgnj31kw0w0qsx.jpg","36":"https:\/\/ws3.sinaimg.cn\/large\/0072Vf1pgy1foxkcawolsj31hc0u07n6.jpg","38":"https:\/\/ws4.sinaimg.cn\/large\/0072Vf1pgy1fodqnfc3t8j31j60yhtme.jpg","39":"https:\/\/ws2.sinaimg.cn\/large\/0072Vf1pgy1fodqnpms36j31hc0u0b2a.jpg","40":"https:\/\/ws3.sinaimg.cn\/large\/0072Vf1pgy1foxk76lzl8j31hc0u0dxk.jpg","41":"https:\/\/ws2.sinaimg.cn\/large\/0072Vf1pgy1foxkd4129ej31hc0u0h5a.jpg","42":"https:\/\/ws1.sinaimg.cn\/large\/0072Vf1pgy1fodqgoyhkrj31hc0u0khb.jpg","43":"https:\/\/ws4.sinaimg.cn\/large\/0072Vf1pgy1foxlholn3ej31hc0u0qnp.jpg","44":"https:\/\/ws2.sinaimg.cn\/large\/0072Vf1pgy1foxkezeq4jj31hc0u0qiy.jpg","45":"https:\/\/ws4.sinaimg.cn\/large\/0072Vf1pgy1foxlo0cwkej31kw0w0dzj.jpg","46":"https:\/\/ws4.sinaimg.cn\/large\/0072Vf1pgy1foxk6hzndqj31kw0w0b0q.jpg","47":"https:\/\/ws2.sinaimg.cn\/large\/0072Vf1pgy1foxk3y2k80j31kw0w0ay9.jpg","48":"https:\/\/ws3.sinaimg.cn\/large\/0072Vf1pgy1foxloenfpzj31kw0w0hb5.jpg","49":"https:\/\/ws2.sinaimg.cn\/large\/0072Vf1pgy1foxk3wgs1qj31kw0w01jo.jpg","50":"https:\/\/ws4.sinaimg.cn\/large\/0072Vf1pgy1foxk6m2xufj31hc0u0aru.jpg","51":"https:\/\/ws2.sinaimg.cn\/large\/0072Vf1pgy1foxkcpa9qqj31kw0w07sa.jpg","52":"https:\/\/ws1.sinaimg.cn\/large\/0072Vf1pgy1fodqnbricvj31kw0vk7wh.jpg","53":"https:\/\/ws1.sinaimg.cn\/large\/0072Vf1pgy1foxkieg2ntj31kw0w07su.jpg","54":"https:\/\/ws4.sinaimg.cn\/large\/0072Vf1pgy1fodqnrlkfxj31110q77sr.jpg","55":"https:\/\/ws1.sinaimg.cn\/large\/0072Vf1pgy1foxkcsx9rmj31hc0u0h9k.jpg","56":"https:\/\/ws4.sinaimg.cn\/large\/0072Vf1pgy1foxk43c7brj31hc0u0aw8.jpg","57":"https:\/\/ws4.sinaimg.cn\/large\/0072Vf1pgy1foxkc7d4wnj31hc0u0aqh.jpg","58":"https:\/\/ws4.sinaimg.cn\/large\/0072Vf1pgy1foxkfa3isfj31kw0w0ay4.jpg","59":"https:\/\/ws3.sinaimg.cn\/large\/0072Vf1pgy1foxk73gascj31hc0u07e1.jpg","60":"https:\/\/ws2.sinaimg.cn\/large\/0072Vf1pgy1foxlhsow3uj31kw0w0qjz.jpg","61":"https:\/\/ws3.sinaimg.cn\/large\/0072Vf1pgy1fodqnao9coj31kw0vynpd.jpg","62":"https:\/\/ws1.sinaimg.cn\/large\/0072Vf1pgy1foxkfvsicwj31hc0u0ara.jpg","63":"https:\/\/ws2.sinaimg.cn\/large\/0072Vf1pgy1foxkcwa5wxj31hc0u04hn.jpg","64":"https:\/\/ws4.sinaimg.cn\/large\/0072Vf1pgy1fodqi5vxrij31630rsu0x.jpg","65":"https:\/\/ws2.sinaimg.cn\/large\/0072Vf1pgy1foxk3wgs1qj31kw0w01jo.jpg","66":"https:\/\/ws1.sinaimg.cn\/large\/466f79e8ly1fw5oh6rg63j21hc10ktgi.jpg","67":"https:\/\/ws1.sinaimg.cn\/large\/466f79e8ly1fw5ohadaw1j21sy19xk6l.jpg","68":"https:\/\/ws1.sinaimg.cn\/large\/466f79e8ly1fw5oh8n02bj21hc0xc48z.jpg","69":"https:\/\/ws1.sinaimg.cn\/large\/466f79e8ly1fw5oi9bu94j21g20rvwpz.jpg","70":"https:\/\/ws1.sinaimg.cn\/large\/466f79e8ly1fw5oia0vlbj21hc0xch2c.jpg","71":"https:\/\/ws4.sinaimg.cn\/large\/0072Vf1pgy1foxk6le0yfj31hc0u0e3y.jpg","73":"https:\/\/ws3.sinaimg.cn\/large\/0072Vf1pgy1foxkcn07nlj31hc0u0qis.jpg","83":"https:\/\/iqy.vv1234.cn\/2018\/12\/19\/5c19db069d9a8.jpg","84":"https:\/\/iqy.vv1234.cn\/2018\/12\/19\/5c19dea02f20f.jpg","85":"https:\/\/iqy.vv1234.cn\/2018\/12\/19\/5c19dec120a4a.jpg","87":"https:\/\/iqy.vv1234.cn\/2018\/12\/19\/5c19dec120a4a.jpg","88":"https:\/\/iqy.vv1234.cn\/2018\/12\/19\/5c19df1d76d79.jpg","89":"https:\/\/iqy.vv1234.cn\/2018\/12\/19\/5c19df4ce6118.jpg","90":"https:\/\/iqy.vv1234.cn\/2018\/12\/19\/5c19dfd0bf589.jpg","91":"https:\/\/iqy.vv1234.cn\/2018\/12\/19\/5c19dfd1a2e39.jpg","92":"https:\/\/iqy.vv1234.cn\/2018\/12\/19\/5c19dfd437699.jpg","93":"https:\/\/iqy.vv1234.cn\/2018\/12\/19\/5c1a0dfed52c4.jpg","94":"https:\/\/iqy.vv1234.cn\/2018\/12\/19\/5c1a0dfc5abde.jpg","95":"https:\/\/iqy.vv1234.cn\/2018\/12\/19\/5c1a0dfa01e08.jpg","97":"https:\/\/iqy.vv1234.cn\/2018\/12\/19\/5c1a0df8a595a.jpg","98":"https:\/\/iqy.vv1234.cn\/2018\/12\/19\/5c1a0df807551.jpg","99":"https:\/\/iqy.vv1234.cn\/2018\/12\/19\/5c1a0e85e1fc6.jpg"}